name	pool	seq	size	%gc	tm (use 65)
RSVA2_750_1000_1_LEFT	1	TTGGTTAGAGATGGGCAGCAAC	22	50.00	61.06
RSVA2_750_1000_1_RIGHT	1	GGTGTGTGCTTGGTAGGCTTAA	22	50.00	60.99
RSVA2_750_1000_2_LEFT	2	AACTTGATGAAAGACAGGCCACA	23	43.48	60.95
RSVA2_750_1000_2_RIGHT	2	TCATCCCACAATCAGGAGAGTCA	23	47.83	61.08
RSVA2_750_1000_3_LEFT	1	GGCAAATGGAGTGGATGTAACAAC	24	45.83	60.94
RSVA2_750_1000_3_RIGHT	1	AGCCTCTAGTTCTTCTGCTGTCA	23	47.83	61.33
RSVA2_750_1000_4_LEFT	2	TGGGTGGAGAAGCAGGATTCTA	22	50.00	60.75
RSVA2_750_1000_4_RIGHT	2	GCATCTCTTATACCATCCCGAGC	23	52.17	60.93
RSVA2_750_1000_5_LEFT	1	ACAAGCCCAATTATCAAAGAAAGCC	25	40.00	60.95
RSVA2_750_1000_5_RIGHT	1	GCTAGCACTGCACTTCTTGAGT	22	50.00	61.05
RSVA2_750_1000_6_LEFT	2	TCCACATACACAGCTGCTGTTC	22	50.00	61.05
RSVA2_750_1000_6_RIGHT	2	TGGGATGATCTGGAACTCCTGA	22	50.00	60.48
RSVA2_750_1000_7_LEFT	1	CAGTGACTGACAACAAAGGAGCA	23	47.83	61.49
RSVA2_750_1000_7_RIGHT	1	AGTGAGGTTGAGATTATCATTGCCA	25	40.00	60.73
RSVA2_750_1000_8_LEFT	2	CCACATCAACATCTCACCATGC	22	50.00	60.08
RSVA2_750_1000_8_RIGHT	2	TGGAGGTGAGCAGTGTAGTTCT	22	50.00	60.94
RSVA2_750_1000_9_LEFT	1	TGCTGAGTCAACCCCACAAT	20	50.00	59.54
RSVA2_750_1000_9_RIGHT	1	TGCTGGTGTGCTTTGCATGA	20	50.00	61.12
RSVA2_750_1000_10_LEFT	2	AATCAACATGCAGTGCAGTTAGC	23	43.48	60.62
RSVA2_750_1000_10_RIGHT	2	GGGGATGTGTGTAGTTTCCAACA	23	47.83	61.01
RSVA2_750_1000_11_LEFT	1	CCAGAGAATTTAGTGTTAATGCAGGTG	27	40.74	61.11
RSVA2_750_1000_11_RIGHT	1	TCATCTGATTTACGGATAAATGCTAGACT	29	34.48	61.08
RSVA2_750_1000_12_LEFT	2	CTAGGAGCCATTGTGTCATGCT	22	50.00	60.60
RSVA2_750_1000_12_RIGHT	2	TCTAGCACTCCAACTACACCGA	22	50.00	60.74
RSVA2_750_1000_13_LEFT	1	TGGGGCAAATATGTCACGAAGG	22	50.00	61.13
RSVA2_750_1000_13_RIGHT	1	TGATGATGTGGTAAGTATTAGGATTGAGT	29	34.48	60.78
RSVA2_750_1000_14_LEFT	2	ACCATGCCAAAAATAATGATACTACCTG	28	35.71	60.76
RSVA2_750_1000_14_RIGHT	2	AACCATGATGGAGGATGTTGCA	22	45.45	60.48
RSVA2_750_1000_15_LEFT	1	GGAAGTTACATATTCAATGGTCCTTATCTC	30	36.67	60.73
RSVA2_750_1000_15_RIGHT	1	GTAGAACCCCTCATTGTGGAATAGTT	26	42.31	61.02
RSVA2_750_1000_16_LEFT	2	GCATATTAACACAATATCGATCTAGTGAGG	30	36.67	60.87
RSVA2_750_1000_16_RIGHT	2	CGATAGAAACGTAGTCCTGATAGAACA	27	40.74	60.74
RSVA2_750_1000_17_LEFT	1	TGCAACGAGACCAAATTTTACTTGTT	26	34.62	61.06
RSVA2_750_1000_17_RIGHT	1	GGGTGCATGCCTATATGTGCA	21	52.38	60.92
RSVA2_750_1000_18_LEFT	2	TGCAACCAGGAATGTTCAGACA	22	45.45	60.61
RSVA2_750_1000_18_RIGHT	2	TCTTGTGTCAAACTACCTATAGATTCTAGAC	31	35.48	61.08
RSVA2_750_1000_19_LEFT	1	GAAGGTCAAACTCATGCTCAAGC	23	47.83	60.61
RSVA2_750_1000_19_RIGHT	1	TCATAAACAACTCTTAGCCCGTGAG	25	44.00	61.23
RSVA2_750_1000_20_LEFT	2	CTCAAGCTTTAGGATCTGAGAGGC	24	50.00	61.06
RSVA2_750_1000_20_RIGHT	2	TGCAGGGAATTCACATGGTCTAC	23	47.83	60.88
RSVA2_750_1000_21_LEFT	1	GTGGTGAGAGAGGACCCACTAA	22	54.55	61.01
RSVA2_750_1000_21_RIGHT	1	ATCACACTCCAGCTTTGCTCTG	22	50.00	61.06
RSVA2_750_1000_22_LEFT	2	CACAGGTGATGTTGATATTCACAAGTT	27	37.04	60.80
RSVA2_750_1000_22_RIGHT	2	CCGGATTGGTTAGTATATTTTCTAGGG	27	40.74	59.67
RSVA2_750_1000_23_LEFT	1	GTTTGCCCTTGGGTTGTTAACAT	23	43.48	60.44
RSVA2_750_1000_23_RIGHT	1	GTTGGTTGCATCTGTAGCAGGA	22	50.00	61.06
RSVA2_750_1000_24_LEFT	2	TCATAGGTGAAGGAGCAGGGAA	22	50.00	60.75
RSVA2_750_1000_24_RIGHT	2	AGCTGTTTAACAATTCACTTAGATGAGG	28	35.71	60.66
